audit_id,site_id,date,type,findings_count,major_findings,score_pct
AUD-00001,S01,2025-02-26,Corporate,9,3,72.0
AUD-00002,S01,2024-01-04,Corporate,8,5,66.3
AUD-00003,S01,2024-06-01,Internal,6,1,91.7
AUD-00004,S01,2024-03-06,Internal,9,3,77.3
AUD-00005,S01,2024-06-21,Internal,4,0,78.5
AUD-00006,S02,2025-06-24,ISO 45001 External,5,1,87.8
AUD-00007,S02,2025-12-18,Internal,1,0,95.5
AUD-00008,S02,2024-02-22,Internal,4,1,89.9
AUD-00009,S02,2024-03-12,Corporate,11,1,71.1
AUD-00010,S03,2024-12-04,Internal,4,1,95.0
AUD-00011,S03,2025-01-28,ISO 45001 External,3,0,74.0
AUD-00012,S03,2024-07-04,Internal,1,1,78.3
AUD-00013,S03,2025-11-09,Internal,1,1,78.2
AUD-00014,S04,2024-03-03,Internal,0,0,86.1
AUD-00015,S04,2025-07-25,Internal,5,2,93.1
AUD-00016,S04,2024-06-30,ISO 45001 External,2,0,66.7
AUD-00017,S04,2025-09-25,Corporate,10,2,90.1
AUD-00018,S05,2024-04-03,Internal,7,3,89.0
AUD-00019,S05,2025-12-12,Corporate,9,3,82.4
AUD-00020,S05,2025-06-27,Internal,11,3,74.5
AUD-00021,S05,2024-11-05,Internal,9,1,81.6
AUD-00022,S06,2025-01-03,Corporate,6,1,91.0
AUD-00023,S06,2025-10-28,ISO 45001 External,11,3,87.4
AUD-00024,S06,2024-07-03,Corporate,2,0,91.2
AUD-00025,S06,2025-12-02,Internal,5,2,97.5
AUD-00026,S06,2024-10-13,Corporate,8,2,80.6
AUD-00027,S07,2024-06-11,Internal,11,2,93.9
AUD-00028,S07,2024-07-26,Corporate,1,0,97.3
AUD-00029,S07,2024-12-16,ISO 45001 External,9,1,90.4
AUD-00030,S08,2024-06-20,Corporate,4,1,92.4
AUD-00031,S08,2024-01-18,Corporate,11,3,83.6
AUD-00032,S08,2025-03-17,Corporate,2,0,76.5
