action_id,source_id,source_type,site_id,priority,due_date,status,closed_date
ACT-00001,INC-00001,Incident,S01,Low,2025-05-14,Closed,2025-05-31
ACT-00002,INC-00002,Incident,S01,Medium,2024-04-18,Closed,2024-04-14
ACT-00003,INC-00003,Incident,S01,Medium,2024-03-01,Closed,2024-03-08
ACT-00004,INC-00004,Incident,S01,Medium,2025-11-10,Closed,2025-11-09
ACT-00005,INC-00005,Incident,S01,Medium,2025-02-02,Overdue,
ACT-00006,INC-00006,Incident,S01,Medium,2024-05-07,Closed,2024-05-07
ACT-00007,INC-00007,Incident,S02,Medium,2024-12-10,Closed,2024-12-07
ACT-00008,INC-00008,Incident,S02,Low,2025-01-12,Closed,2025-01-08
ACT-00009,INC-00009,Incident,S02,Low,2024-04-14,Closed,2024-04-22
ACT-00010,INC-00010,Incident,S02,Low,2025-09-28,Overdue,
ACT-00011,INC-00011,Incident,S02,Low,2025-09-27,Closed,2025-09-30
ACT-00012,INC-00012,Incident,S02,Low,2024-01-18,Closed,2024-02-01
ACT-00013,INC-00013,Incident,S02,High,2025-02-03,Overdue,
ACT-00014,INC-00014,Incident,S02,Medium,2024-05-24,Closed,2024-05-29
ACT-00015,INC-00015,Incident,S02,High,2025-03-02,Closed,2025-02-25
ACT-00016,INC-00016,Incident,S02,High,2025-03-21,Closed,2025-04-03
ACT-00017,INC-00017,Incident,S02,Medium,2024-07-29,Closed,2024-08-16
ACT-00018,INC-00018,Incident,S02,Medium,2025-10-14,Closed,2025-10-19
ACT-00019,INC-00019,Incident,S02,Medium,2024-04-14,Overdue,
ACT-00020,INC-00020,Incident,S02,Medium,2025-08-08,Closed,2025-08-23
ACT-00021,INC-00021,Incident,S02,Medium,2024-04-14,Closed,2024-04-13
ACT-00022,INC-00022,Incident,S02,Low,2025-06-18,Overdue,
ACT-00023,INC-00023,Incident,S02,Medium,2025-01-17,Closed,2025-01-24
ACT-00024,INC-00024,Incident,S02,High,2024-11-16,Overdue,
ACT-00025,INC-00025,Incident,S02,Low,2024-10-05,Closed,2024-10-06
ACT-00026,INC-00026,Incident,S02,Low,2025-11-23,Closed,2025-12-01
ACT-00027,INC-00027,Incident,S02,Low,2025-08-08,Closed,2025-08-18
ACT-00028,INC-00028,Incident,S02,Medium,2024-04-27,Closed,2024-04-19
ACT-00029,INC-00029,Incident,S02,Medium,2024-06-14,Closed,2024-06-06
ACT-00030,INC-00030,Incident,S03,High,2024-08-25,Closed,2024-08-23
ACT-00031,INC-00031,Incident,S03,Medium,2025-04-05,Closed,2025-04-10
ACT-00032,INC-00032,Incident,S03,Low,2024-06-23,Closed,2024-07-11
ACT-00033,INC-00033,Incident,S03,Low,2024-05-05,Closed,2024-05-21
ACT-00034,INC-00034,Incident,S03,Low,2024-12-09,Closed,2024-12-03
ACT-00035,INC-00035,Incident,S03,Medium,2024-11-28,Overdue,
ACT-00036,INC-00036,Incident,S03,Low,2025-08-11,Closed,2025-08-17
ACT-00037,INC-00037,Incident,S03,Medium,2025-02-25,Overdue,
ACT-00038,INC-00038,Incident,S03,Low,2024-07-31,Closed,2024-08-01
ACT-00039,INC-00039,Incident,S03,Medium,2025-11-07,Overdue,
ACT-00040,INC-00040,Incident,S03,Medium,2025-05-08,Closed,2025-05-20
ACT-00041,INC-00041,Incident,S03,Low,2024-08-30,Closed,2024-08-26
ACT-00042,INC-00042,Incident,S03,Medium,2024-07-16,Closed,2024-07-28
ACT-00043,INC-00043,Incident,S03,Medium,2024-09-03,Overdue,
ACT-00044,INC-00044,Incident,S03,Medium,2025-05-16,Overdue,
ACT-00045,INC-00045,Incident,S03,Medium,2024-06-22,Closed,2024-07-09
ACT-00046,INC-00046,Incident,S03,High,2024-02-19,Closed,2024-02-17
ACT-00047,INC-00047,Incident,S04,Medium,2024-11-15,Overdue,
ACT-00048,INC-00048,Incident,S04,Medium,2025-12-27,Overdue,
ACT-00049,INC-00049,Incident,S04,Medium,2024-10-22,Closed,2024-10-17
ACT-00050,INC-00050,Incident,S04,Medium,2025-10-07,Closed,2025-10-12
ACT-00051,INC-00051,Incident,S04,Low,2024-12-01,Closed,2024-11-29
ACT-00052,INC-00052,Incident,S04,High,2024-02-05,Overdue,
ACT-00053,INC-00053,Incident,S04,Low,2025-12-22,Closed,2025-12-19
ACT-00054,INC-00054,Incident,S05,Medium,2025-03-27,Closed,2025-03-29
ACT-00055,INC-00055,Incident,S05,Medium,2024-11-30,Overdue,
ACT-00056,INC-00056,Incident,S05,Low,2024-09-29,Closed,2024-09-23
ACT-00057,INC-00057,Incident,S05,Medium,2024-08-21,Closed,2024-09-05
ACT-00058,INC-00058,Incident,S05,Medium,2025-07-03,Closed,2025-06-29
ACT-00059,INC-00059,Incident,S05,Medium,2024-11-15,Overdue,
ACT-00060,INC-00060,Incident,S05,Low,2025-05-06,Closed,2025-05-02
ACT-00061,INC-00061,Incident,S05,Medium,2024-07-27,Overdue,
ACT-00062,INC-00062,Incident,S05,Medium,2024-07-20,Closed,2024-07-19
ACT-00063,INC-00063,Incident,S05,Medium,2024-04-30,Closed,2024-04-23
ACT-00064,INC-00064,Incident,S05,High,2024-08-27,Overdue,
ACT-00065,INC-00065,Incident,S05,Medium,2024-07-22,Overdue,
ACT-00066,INC-00066,Incident,S05,Low,2025-01-02,Overdue,
ACT-00067,INC-00067,Incident,S05,High,2024-05-18,Overdue,
ACT-00068,INC-00068,Incident,S06,Medium,2025-01-02,Closed,2024-12-29
ACT-00069,INC-00069,Incident,S06,Medium,2024-02-15,Closed,2024-02-25
ACT-00070,INC-00070,Incident,S06,Medium,2025-09-22,Overdue,
ACT-00071,INC-00071,Incident,S06,Medium,2025-09-08,Overdue,
ACT-00072,INC-00072,Incident,S06,High,2024-02-28,Overdue,
ACT-00073,INC-00073,Incident,S06,Low,2024-08-23,Overdue,
ACT-00074,INC-00074,Incident,S07,Low,2024-10-16,Overdue,
ACT-00075,INC-00075,Incident,S07,Low,2025-01-10,Overdue,
ACT-00076,INC-00076,Incident,S07,Medium,2024-02-22,Closed,2024-02-24
ACT-00077,INC-00077,Incident,S07,Low,2025-01-04,Closed,2025-01-03
ACT-00078,INC-00078,Incident,S07,Medium,2024-11-22,Overdue,
ACT-00079,INC-00079,Incident,S07,Medium,2025-06-02,Closed,2025-06-21
ACT-00080,INC-00080,Incident,S07,Medium,2025-01-23,Closed,2025-01-28
ACT-00081,INC-00081,Incident,S07,High,2025-02-01,Closed,2025-02-13
ACT-00082,INC-00082,Incident,S07,High,2024-02-08,Closed,2024-02-11
ACT-00083,INC-00083,Incident,S07,Low,2025-06-27,Closed,2025-06-26
ACT-00084,INC-00084,Incident,S07,Low,2025-04-10,Closed,2025-04-29
ACT-00085,INC-00085,Incident,S08,Medium,2025-12-01,Overdue,
ACT-00086,INC-00086,Incident,S08,High,2024-08-03,Closed,2024-08-17
ACT-00087,INC-00087,Incident,S08,Low,2024-05-31,Overdue,
ACT-00088,INC-00088,Incident,S08,Medium,2025-04-01,Overdue,
ACT-00089,INC-00089,Incident,S08,Medium,2025-01-16,Overdue,
ACT-00090,INC-00090,Incident,S08,Low,2025-09-04,Closed,2025-09-06
ACT-00091,INC-00091,Incident,S08,Medium,2024-04-13,Closed,2024-04-29
ACT-00092,INC-00092,Incident,S08,Low,2025-07-27,Closed,2025-08-01
ACT-00093,INC-00093,Incident,S08,Medium,2025-07-31,Overdue,
ACT-00094,INC-00094,Incident,S08,High,2024-03-29,Closed,2024-04-04
ACT-00095,INC-00095,Incident,S08,High,2024-12-07,Overdue,
ACT-00096,INC-00096,Incident,S08,High,2024-12-22,Closed,2025-01-04
ACT-00097,INC-00097,Incident,S08,Low,2025-09-22,Closed,2025-09-16
ACT-00098,INC-00098,Incident,S08,Low,2024-04-11,Closed,2024-04-25
ACT-00099,INC-00099,Incident,S08,Medium,2025-02-14,Overdue,
ACT-00100,INC-00100,Incident,S08,Medium,2025-01-08,Closed,2025-01-05
ACT-00101,INC-00101,Incident,S08,Medium,2025-01-20,Closed,2025-01-10
ACT-00102,INC-00102,Incident,S08,Medium,2025-08-02,Overdue,
ACT-00103,INC-00103,Incident,S08,High,2024-04-08,Closed,2024-04-01
ACT-00104,INC-00104,Incident,S08,Medium,2025-04-16,Closed,2025-04-11
ACT-00105,INC-00105,Incident,S08,Low,2025-11-04,Closed,2025-11-15
ACT-00106,INC-00106,Incident,S08,Medium,2024-02-14,Closed,2024-02-07
ACT-00107,INC-00107,Incident,S08,High,2025-05-12,Closed,2025-05-28
ACT-00108,INC-00108,Incident,S08,High,2024-08-03,Overdue,
ACT-00109,NM-00001,Near-Miss,S01,Medium,2025-09-19,Closed,2025-09-19
ACT-00110,NM-00002,Near-Miss,S01,Low,2025-09-21,Closed,2025-10-03
ACT-00111,NM-00004,Near-Miss,S01,Medium,2025-10-05,Closed,2025-10-20
ACT-00112,NM-00005,Near-Miss,S01,Low,2025-02-01,Overdue,
ACT-00113,NM-00009,Near-Miss,S01,Medium,2025-10-10,Closed,2025-10-19
ACT-00114,NM-00010,Near-Miss,S01,Medium,2024-05-08,Closed,2024-04-30
ACT-00115,NM-00011,Near-Miss,S01,Medium,2024-12-11,Overdue,
ACT-00116,NM-00012,Near-Miss,S01,Low,2024-05-28,Closed,2024-06-13
ACT-00117,NM-00013,Near-Miss,S01,Medium,2025-12-19,Overdue,
ACT-00118,NM-00014,Near-Miss,S01,Low,2024-09-06,Closed,2024-09-03
ACT-00119,NM-00015,Near-Miss,S01,Medium,2025-10-08,Closed,2025-10-05
ACT-00120,NM-00016,Near-Miss,S01,Medium,2025-03-21,Closed,2025-03-21
ACT-00121,NM-00018,Near-Miss,S01,High,2025-02-24,Closed,2025-02-25
ACT-00122,NM-00019,Near-Miss,S01,Medium,2024-09-25,Closed,2024-09-30
ACT-00123,NM-00021,Near-Miss,S01,Medium,2024-04-23,Closed,2024-04-14
ACT-00124,NM-00023,Near-Miss,S02,Low,2025-09-18,Closed,2025-10-07
ACT-00125,NM-00024,Near-Miss,S02,Medium,2024-08-15,Overdue,
ACT-00126,NM-00025,Near-Miss,S02,High,2024-12-12,Closed,2024-12-04
ACT-00127,NM-00032,Near-Miss,S02,Medium,2025-03-15,Closed,2025-04-01
ACT-00128,NM-00035,Near-Miss,S02,Low,2025-12-17,Closed,2025-12-22
ACT-00129,NM-00036,Near-Miss,S03,High,2024-07-28,Closed,2024-08-08
ACT-00130,NM-00037,Near-Miss,S03,Low,2025-02-25,Closed,2025-03-01
ACT-00131,NM-00038,Near-Miss,S03,Low,2025-05-26,Closed,2025-06-06
ACT-00132,NM-00039,Near-Miss,S03,High,2025-12-13,Overdue,
ACT-00133,NM-00040,Near-Miss,S03,Low,2025-01-21,Overdue,
ACT-00134,NM-00041,Near-Miss,S03,Medium,2024-05-03,Closed,2024-04-27
ACT-00135,NM-00042,Near-Miss,S03,Low,2024-10-08,Closed,2024-10-16
ACT-00136,NM-00043,Near-Miss,S03,Low,2025-04-22,Closed,2025-04-30
ACT-00137,NM-00045,Near-Miss,S03,Medium,2024-11-10,Closed,2024-11-29
ACT-00138,NM-00047,Near-Miss,S03,Medium,2025-09-21,Closed,2025-09-18
ACT-00139,NM-00051,Near-Miss,S03,Medium,2024-04-13,Closed,2024-04-26
ACT-00140,NM-00053,Near-Miss,S03,High,2025-01-31,Closed,2025-02-08
ACT-00141,NM-00054,Near-Miss,S03,Medium,2025-02-02,Overdue,
ACT-00142,NM-00056,Near-Miss,S03,Low,2025-02-16,Closed,2025-02-11
ACT-00143,NM-00059,Near-Miss,S03,Medium,2024-10-31,Closed,2024-10-26
ACT-00144,NM-00060,Near-Miss,S03,Low,2024-03-06,Overdue,
ACT-00145,NM-00062,Near-Miss,S03,Low,2024-03-03,Closed,2024-03-15
ACT-00146,NM-00064,Near-Miss,S03,Low,2025-09-24,Closed,2025-09-23
ACT-00147,NM-00065,Near-Miss,S04,Medium,2024-12-08,Closed,2024-12-10
ACT-00148,NM-00066,Near-Miss,S04,Low,2025-09-06,Closed,2025-09-05
ACT-00149,NM-00067,Near-Miss,S04,High,2024-06-23,Closed,2024-06-15
ACT-00150,NM-00069,Near-Miss,S04,Low,2024-04-18,Closed,2024-04-24
ACT-00151,NM-00070,Near-Miss,S04,Low,2024-03-18,Overdue,
ACT-00152,NM-00071,Near-Miss,S04,Medium,2024-12-20,Closed,2024-12-31
ACT-00153,NM-00073,Near-Miss,S04,High,2025-02-20,Closed,2025-02-11
ACT-00154,NM-00074,Near-Miss,S05,Low,2025-11-03,Overdue,
ACT-00155,NM-00077,Near-Miss,S05,Medium,2025-12-04,Closed,2025-12-16
ACT-00156,NM-00078,Near-Miss,S05,Medium,2025-05-22,Closed,2025-05-20
ACT-00157,NM-00080,Near-Miss,S05,Low,2025-05-28,Closed,2025-06-13
ACT-00158,NM-00081,Near-Miss,S05,Medium,2025-08-06,Closed,2025-08-24
ACT-00159,NM-00082,Near-Miss,S05,Medium,2024-02-07,Closed,2024-01-31
ACT-00160,NM-00083,Near-Miss,S05,Medium,2024-03-07,Overdue,
ACT-00161,NM-00084,Near-Miss,S05,Medium,2024-03-31,Closed,2024-03-31
ACT-00162,NM-00085,Near-Miss,S05,Low,2025-01-16,Closed,2025-01-15
ACT-00163,NM-00086,Near-Miss,S05,High,2024-12-09,Overdue,
ACT-00164,NM-00087,Near-Miss,S05,Medium,2024-08-08,Closed,2024-08-15
ACT-00165,NM-00088,Near-Miss,S05,Low,2024-09-12,Closed,2024-09-04
ACT-00166,NM-00089,Near-Miss,S05,Low,2025-03-28,Overdue,
ACT-00167,NM-00090,Near-Miss,S05,Low,2025-01-03,Closed,2025-01-15
ACT-00168,NM-00092,Near-Miss,S05,Medium,2025-06-22,Overdue,
ACT-00169,NM-00093,Near-Miss,S05,Low,2025-12-17,Closed,2026-01-01
ACT-00170,NM-00094,Near-Miss,S05,Low,2024-02-12,Closed,2024-02-07
ACT-00171,NM-00095,Near-Miss,S05,Low,2025-06-29,Overdue,
ACT-00172,NM-00096,Near-Miss,S05,Medium,2024-01-25,Closed,2024-01-31
ACT-00173,NM-00097,Near-Miss,S05,High,2024-09-02,Closed,2024-09-14
ACT-00174,NM-00098,Near-Miss,S05,Low,2025-11-15,Closed,2025-11-12
ACT-00175,NM-00103,Near-Miss,S06,Medium,2024-07-31,Closed,2024-07-30
ACT-00176,NM-00104,Near-Miss,S06,Medium,2024-05-25,Closed,2024-06-13
ACT-00177,NM-00105,Near-Miss,S06,Low,2025-12-16,Overdue,
ACT-00178,NM-00107,Near-Miss,S06,High,2024-05-25,Closed,2024-05-19
ACT-00179,NM-00109,Near-Miss,S06,Low,2024-05-27,Overdue,
ACT-00180,NM-00111,Near-Miss,S06,High,2025-02-22,Overdue,
ACT-00181,NM-00113,Near-Miss,S06,Medium,2025-12-11,Closed,2025-12-04
ACT-00182,NM-00114,Near-Miss,S06,High,2024-01-19,Closed,2024-01-16
ACT-00183,NM-00115,Near-Miss,S06,Medium,2025-05-29,Closed,2025-06-14
ACT-00184,NM-00117,Near-Miss,S06,Medium,2026-01-16,Closed,2026-01-11
ACT-00185,NM-00118,Near-Miss,S06,Medium,2024-07-16,Closed,2024-07-18
ACT-00186,NM-00119,Near-Miss,S06,Low,2024-03-28,Closed,2024-04-01
ACT-00187,NM-00120,Near-Miss,S06,Medium,2025-06-30,Closed,2025-06-30
ACT-00188,NM-00121,Near-Miss,S06,Medium,2025-10-15,Overdue,
ACT-00189,NM-00126,Near-Miss,S06,Medium,2025-12-22,Closed,2025-12-29
ACT-00190,NM-00127,Near-Miss,S06,Medium,2024-09-29,Closed,2024-10-10
ACT-00191,NM-00128,Near-Miss,S06,Medium,2025-06-20,Closed,2025-06-28
ACT-00192,NM-00129,Near-Miss,S06,Medium,2025-04-07,Overdue,
ACT-00193,NM-00130,Near-Miss,S06,Low,2024-08-01,Closed,2024-08-07
ACT-00194,NM-00131,Near-Miss,S06,Medium,2024-05-05,Closed,2024-04-30
ACT-00195,NM-00132,Near-Miss,S07,Medium,2025-01-01,Closed,2025-01-02
ACT-00196,NM-00134,Near-Miss,S07,High,2026-01-17,Closed,2026-01-28
ACT-00197,NM-00135,Near-Miss,S07,Medium,2024-07-04,Closed,2024-07-05
ACT-00198,NM-00137,Near-Miss,S07,Low,2024-12-23,Overdue,
ACT-00199,NM-00138,Near-Miss,S07,High,2025-10-04,Closed,2025-09-29
ACT-00200,NM-00139,Near-Miss,S08,Low,2025-04-06,Overdue,
ACT-00201,NM-00140,Near-Miss,S08,Medium,2024-04-24,Closed,2024-04-15
ACT-00202,NM-00141,Near-Miss,S08,Low,2025-05-27,Closed,2025-06-10
ACT-00203,NM-00144,Near-Miss,S08,Medium,2024-08-06,Closed,2024-08-23
ACT-00204,NM-00145,Near-Miss,S08,High,2024-10-09,Overdue,
ACT-00205,NM-00146,Near-Miss,S08,Medium,2025-02-04,Closed,2025-02-20
ACT-00206,NM-00147,Near-Miss,S08,Medium,2024-06-13,Closed,2024-06-09
ACT-00207,NM-00148,Near-Miss,S08,High,2024-12-31,Closed,2024-12-22
ACT-00208,NM-00149,Near-Miss,S08,Low,2025-10-25,Overdue,
ACT-00209,NM-00154,Near-Miss,S08,Medium,2024-10-14,Closed,2024-10-23
ACT-00210,NM-00155,Near-Miss,S08,Medium,2025-05-22,Closed,2025-06-07
ACT-00211,NM-00157,Near-Miss,S08,Low,2024-08-16,Overdue,
ACT-00212,NM-00158,Near-Miss,S08,Low,2024-03-19,Closed,2024-03-15
ACT-00213,NM-00162,Near-Miss,S08,Low,2024-09-14,Closed,2024-09-10
ACT-00214,NM-00166,Near-Miss,S08,Medium,2025-07-13,Closed,2025-07-07
ACT-00215,NM-00168,Near-Miss,S08,Low,2025-05-23,Closed,2025-05-31
ACT-00216,NM-00170,Near-Miss,S08,High,2025-06-05,Closed,2025-06-22
ACT-00217,NM-00171,Near-Miss,S08,Medium,2025-12-03,Closed,2025-12-11
ACT-00218,NM-00172,Near-Miss,S08,High,2024-07-25,Overdue,
ACT-00219,NM-00174,Near-Miss,S08,Medium,2025-11-28,Closed,2025-11-23
ACT-00220,NM-00175,Near-Miss,S08,Medium,2025-08-03,Overdue,
