visit_id,site_id,date,observations_raised,positive_observations
SV-00001,S01,2025-09-30,1,2
SV-00002,S01,2025-09-17,3,5
SV-00003,S01,2024-12-23,2,5
SV-00004,S01,2025-08-16,2,6
SV-00005,S01,2024-06-27,2,7
SV-00006,S01,2025-11-27,5,2
SV-00007,S01,2025-09-07,5,7
SV-00008,S01,2024-01-16,4,7
SV-00009,S01,2025-07-12,1,6
SV-00010,S01,2024-03-17,2,5
SV-00011,S01,2024-11-29,4,1
SV-00012,S01,2025-03-18,3,5
SV-00013,S01,2024-07-30,1,2
SV-00014,S01,2024-12-03,3,2
SV-00015,S01,2024-10-26,1,1
SV-00016,S01,2025-04-24,4,2
SV-00017,S01,2025-09-20,3,1
SV-00018,S01,2024-09-24,0,0
SV-00019,S01,2024-09-02,2,6
SV-00020,S01,2024-04-08,5,1
SV-00021,S01,2024-04-10,4,6
SV-00022,S01,2025-03-17,0,0
SV-00023,S01,2024-10-11,2,7
SV-00024,S01,2024-07-28,1,7
SV-00025,S01,2024-04-22,0,3
SV-00026,S01,2024-10-19,3,7
SV-00027,S01,2025-11-12,1,7
SV-00028,S01,2025-04-06,0,7
SV-00029,S01,2024-04-10,3,6
SV-00030,S01,2024-07-01,1,3
SV-00031,S01,2025-10-07,1,5
SV-00032,S01,2024-11-26,0,5
SV-00033,S01,2025-08-30,3,1
SV-00034,S01,2024-04-23,2,4
SV-00035,S01,2025-02-07,1,4
SV-00036,S01,2024-08-03,4,6
SV-00037,S01,2025-04-21,0,7
SV-00038,S01,2024-01-18,5,0
SV-00039,S01,2025-01-12,0,0
SV-00040,S01,2025-05-13,4,0
SV-00041,S01,2025-12-13,1,2
SV-00042,S01,2024-08-04,2,1
SV-00043,S01,2024-11-06,1,0
SV-00044,S01,2024-09-26,4,6
SV-00045,S01,2024-09-14,1,6
SV-00046,S01,2025-05-12,4,7
SV-00047,S01,2025-08-22,5,3
SV-00048,S01,2024-10-15,1,1
SV-00049,S01,2025-06-30,4,6
SV-00050,S01,2024-05-02,2,1
SV-00051,S01,2025-10-13,1,1
SV-00052,S01,2025-02-20,5,7
SV-00053,S02,2024-03-11,1,0
SV-00054,S02,2025-01-07,0,1
SV-00055,S02,2024-01-01,0,3
SV-00056,S02,2025-09-13,4,0
SV-00057,S02,2024-01-26,2,5
SV-00058,S02,2025-06-29,4,2
SV-00059,S02,2024-05-02,0,1
SV-00060,S02,2024-02-17,5,2
SV-00061,S02,2025-08-23,3,4
SV-00062,S02,2024-11-27,4,0
SV-00063,S02,2024-03-08,2,3
SV-00064,S02,2025-02-02,4,4
SV-00065,S02,2024-07-06,1,6
SV-00066,S02,2024-05-27,3,4
SV-00067,S02,2025-07-01,4,3
SV-00068,S02,2024-08-13,2,3
SV-00069,S02,2024-06-09,3,1
SV-00070,S02,2025-04-18,4,7
SV-00071,S02,2024-03-27,4,0
SV-00072,S02,2024-09-03,1,1
SV-00073,S02,2024-05-08,0,6
SV-00074,S02,2024-02-14,2,5
SV-00075,S02,2025-12-23,5,1
SV-00076,S02,2025-12-22,3,1
SV-00077,S02,2024-11-23,5,3
SV-00078,S02,2024-05-14,5,7
SV-00079,S02,2025-12-13,5,6
SV-00080,S02,2024-11-27,1,4
SV-00081,S02,2024-06-10,2,5
SV-00082,S02,2025-11-22,1,2
SV-00083,S02,2025-06-20,0,4
SV-00084,S02,2025-06-28,3,3
SV-00085,S03,2025-08-27,3,0
SV-00086,S03,2025-11-10,3,2
SV-00087,S03,2024-12-20,3,2
SV-00088,S03,2024-07-29,2,2
SV-00089,S03,2025-07-07,0,6
SV-00090,S03,2024-09-11,3,1
SV-00091,S03,2024-10-08,4,2
SV-00092,S03,2024-04-06,3,1
SV-00093,S03,2024-08-17,2,4
SV-00094,S03,2025-04-11,4,6
SV-00095,S03,2024-02-18,2,0
SV-00096,S03,2024-01-07,1,4
SV-00097,S03,2025-10-14,4,5
SV-00098,S03,2025-07-22,1,6
SV-00099,S03,2025-10-11,0,3
SV-00100,S03,2025-08-28,2,6
SV-00101,S03,2025-11-13,2,0
SV-00102,S03,2024-09-05,1,3
SV-00103,S03,2025-03-03,2,1
SV-00104,S03,2024-08-07,4,0
SV-00105,S03,2024-06-05,5,0
SV-00106,S03,2024-10-29,1,0
SV-00107,S03,2024-11-04,3,1
SV-00108,S03,2024-02-26,0,5
SV-00109,S03,2025-09-20,1,2
SV-00110,S03,2024-09-07,2,1
SV-00111,S03,2024-02-10,3,2
SV-00112,S03,2024-09-06,1,7
SV-00113,S03,2025-03-21,2,1
SV-00114,S03,2025-08-07,5,0
SV-00115,S03,2025-11-09,4,0
SV-00116,S03,2025-07-03,0,0
SV-00117,S03,2024-03-25,2,4
SV-00118,S03,2024-10-24,0,1
SV-00119,S03,2025-09-14,5,6
SV-00120,S03,2024-03-16,4,5
SV-00121,S03,2025-01-19,0,7
SV-00122,S03,2024-11-19,0,1
SV-00123,S03,2024-10-19,0,2
SV-00124,S03,2024-12-07,5,0
SV-00125,S03,2025-02-25,5,6
SV-00126,S03,2025-11-06,1,6
SV-00127,S03,2025-12-15,1,3
SV-00128,S03,2025-01-22,2,2
SV-00129,S04,2025-12-09,4,4
SV-00130,S04,2024-12-09,0,5
SV-00131,S04,2024-08-22,1,1
SV-00132,S04,2025-12-17,0,6
SV-00133,S04,2025-09-24,0,4
SV-00134,S04,2025-02-25,2,5
SV-00135,S04,2024-10-25,2,3
SV-00136,S04,2025-08-07,3,3
SV-00137,S04,2025-11-07,4,7
SV-00138,S04,2025-06-17,2,6
SV-00139,S04,2024-08-28,1,3
SV-00140,S04,2025-12-08,3,3
SV-00141,S04,2024-12-03,1,5
SV-00142,S04,2024-09-12,3,2
SV-00143,S04,2024-08-22,5,2
SV-00144,S04,2024-02-21,2,4
SV-00145,S04,2024-03-10,1,1
SV-00146,S04,2024-12-31,4,7
SV-00147,S04,2024-10-11,5,1
SV-00148,S04,2025-07-23,3,6
SV-00149,S04,2025-07-05,3,2
SV-00150,S04,2025-01-19,4,7
SV-00151,S04,2025-11-08,1,4
SV-00152,S04,2024-03-17,4,7
SV-00153,S04,2024-02-08,3,7
SV-00154,S04,2025-09-10,2,0
SV-00155,S04,2025-11-05,5,4
SV-00156,S04,2025-12-15,0,4
SV-00157,S04,2024-01-29,5,5
SV-00158,S04,2025-10-28,3,0
SV-00159,S04,2024-01-20,2,5
SV-00160,S04,2024-04-20,5,1
SV-00161,S04,2024-12-28,1,3
SV-00162,S04,2024-11-26,0,4
SV-00163,S04,2025-07-28,5,2
SV-00164,S04,2025-10-04,5,7
SV-00165,S04,2024-09-29,5,4
SV-00166,S04,2024-02-12,1,5
SV-00167,S05,2024-04-27,1,4
SV-00168,S05,2024-06-24,5,0
SV-00169,S05,2025-12-04,4,6
SV-00170,S05,2025-09-13,1,7
SV-00171,S05,2025-03-09,5,7
SV-00172,S05,2025-02-27,2,0
SV-00173,S05,2024-03-14,2,6
SV-00174,S05,2025-01-03,2,1
SV-00175,S05,2025-02-16,3,7
SV-00176,S05,2025-06-16,3,7
SV-00177,S05,2024-11-06,5,2
SV-00178,S05,2024-04-03,2,1
SV-00179,S05,2024-03-27,5,6
SV-00180,S05,2024-06-10,5,0
SV-00181,S05,2024-07-26,4,2
SV-00182,S05,2025-06-17,5,0
SV-00183,S05,2024-01-18,5,4
SV-00184,S05,2025-01-04,2,3
SV-00185,S05,2025-05-18,3,1
SV-00186,S05,2025-04-02,4,0
SV-00187,S05,2024-10-02,4,4
SV-00188,S05,2024-04-09,0,4
SV-00189,S05,2024-12-03,5,4
SV-00190,S05,2025-11-10,1,3
SV-00191,S05,2024-04-11,3,1
SV-00192,S05,2024-12-25,2,1
SV-00193,S05,2024-03-11,3,7
SV-00194,S05,2024-05-25,2,1
SV-00195,S05,2025-08-13,2,7
SV-00196,S05,2024-06-27,0,4
SV-00197,S05,2025-04-20,5,6
SV-00198,S05,2025-10-07,3,2
SV-00199,S05,2024-11-09,0,3
SV-00200,S05,2024-09-23,0,1
SV-00201,S05,2025-01-25,2,7
SV-00202,S05,2024-12-15,5,5
SV-00203,S05,2024-01-30,1,5
SV-00204,S05,2025-02-01,1,4
SV-00205,S05,2025-10-21,2,0
SV-00206,S05,2024-08-15,5,6
SV-00207,S05,2025-09-03,5,0
SV-00208,S05,2024-07-25,0,0
SV-00209,S05,2025-09-01,5,1
SV-00210,S05,2025-06-11,3,0
SV-00211,S05,2025-10-30,5,4
SV-00212,S06,2025-12-23,0,1
SV-00213,S06,2025-12-08,1,2
SV-00214,S06,2025-07-31,1,4
SV-00215,S06,2024-07-27,1,7
SV-00216,S06,2024-05-25,0,5
SV-00217,S06,2025-09-25,0,5
SV-00218,S06,2025-01-29,4,1
SV-00219,S06,2025-12-13,3,6
SV-00220,S06,2024-09-21,5,5
SV-00221,S06,2024-04-02,5,6
SV-00222,S06,2024-08-07,3,3
SV-00223,S06,2025-01-31,5,7
SV-00224,S06,2024-06-06,5,3
SV-00225,S06,2025-05-29,4,3
SV-00226,S06,2024-11-29,2,6
SV-00227,S06,2024-10-09,1,2
SV-00228,S06,2024-05-22,2,0
SV-00229,S06,2024-03-06,4,0
SV-00230,S06,2025-02-18,4,5
SV-00231,S06,2024-11-21,1,7
SV-00232,S06,2025-09-01,3,0
SV-00233,S06,2024-01-26,1,1
SV-00234,S06,2025-09-20,1,2
SV-00235,S06,2025-12-13,4,1
SV-00236,S06,2024-10-06,3,5
SV-00237,S06,2025-11-14,5,7
SV-00238,S06,2024-01-30,1,4
SV-00239,S06,2024-02-05,2,1
SV-00240,S06,2025-11-12,0,1
SV-00241,S06,2024-05-22,0,4
SV-00242,S06,2024-09-22,5,2
SV-00243,S06,2025-01-27,3,5
SV-00244,S06,2025-08-04,1,4
SV-00245,S06,2025-08-07,5,4
SV-00246,S06,2025-04-20,5,4
SV-00247,S06,2025-11-23,0,2
SV-00248,S06,2024-03-22,0,3
SV-00249,S06,2024-06-13,2,3
SV-00250,S07,2024-08-25,4,0
SV-00251,S07,2025-01-29,2,1
SV-00252,S07,2025-03-26,1,1
SV-00253,S07,2025-04-21,1,5
SV-00254,S07,2024-04-28,2,6
SV-00255,S07,2024-06-15,4,5
SV-00256,S07,2025-10-20,1,5
SV-00257,S07,2025-11-14,4,1
SV-00258,S07,2025-08-23,0,4
SV-00259,S07,2024-12-29,3,4
SV-00260,S07,2024-01-23,3,7
SV-00261,S07,2024-11-14,1,7
SV-00262,S07,2024-03-13,2,4
SV-00263,S07,2024-12-14,5,3
SV-00264,S07,2025-12-11,0,5
SV-00265,S07,2025-03-08,1,1
SV-00266,S07,2025-06-09,3,4
SV-00267,S07,2024-02-07,3,7
SV-00268,S07,2024-01-13,2,3
SV-00269,S07,2025-10-16,1,3
SV-00270,S07,2025-06-07,0,6
SV-00271,S07,2025-08-23,4,5
SV-00272,S07,2025-06-29,4,7
SV-00273,S07,2024-11-08,2,5
SV-00274,S07,2024-05-20,5,6
SV-00275,S07,2025-04-05,1,2
SV-00276,S07,2024-11-13,3,6
SV-00277,S07,2025-05-05,5,7
SV-00278,S07,2025-05-29,2,4
SV-00279,S07,2024-11-06,3,6
SV-00280,S07,2024-09-26,3,0
SV-00281,S07,2025-06-21,2,3
SV-00282,S07,2025-01-23,1,4
SV-00283,S07,2025-06-27,2,1
SV-00284,S07,2024-10-09,1,2
SV-00285,S07,2025-04-02,0,5
SV-00286,S07,2024-06-12,5,5
SV-00287,S07,2024-07-17,3,0
SV-00288,S07,2024-03-13,5,6
SV-00289,S07,2024-04-22,1,1
SV-00290,S07,2024-10-15,1,2
SV-00291,S07,2025-01-21,1,7
SV-00292,S07,2025-06-15,4,1
SV-00293,S07,2025-05-31,5,1
SV-00294,S07,2025-07-02,2,6
SV-00295,S07,2024-12-15,4,1
SV-00296,S07,2024-10-11,1,1
SV-00297,S07,2024-08-13,2,1
SV-00298,S07,2025-05-31,3,6
SV-00299,S07,2025-05-29,0,0
SV-00300,S07,2024-11-04,2,1
SV-00301,S07,2025-07-25,3,5
SV-00302,S07,2024-03-20,4,1
SV-00303,S08,2024-11-23,2,2
SV-00304,S08,2024-05-12,1,1
SV-00305,S08,2024-12-07,2,3
SV-00306,S08,2025-06-08,1,7
SV-00307,S08,2025-07-02,1,2
SV-00308,S08,2024-05-13,1,2
SV-00309,S08,2024-04-05,0,3
SV-00310,S08,2025-05-26,1,6
SV-00311,S08,2024-09-26,5,1
SV-00312,S08,2025-01-28,4,0
SV-00313,S08,2025-11-09,2,3
SV-00314,S08,2025-04-03,3,0
SV-00315,S08,2025-09-25,3,7
SV-00316,S08,2024-12-10,3,3
SV-00317,S08,2025-10-11,4,7
SV-00318,S08,2025-01-03,4,2
SV-00319,S08,2024-12-02,4,0
SV-00320,S08,2025-06-02,0,4
SV-00321,S08,2024-12-14,2,3
SV-00322,S08,2024-12-25,2,3
SV-00323,S08,2025-02-18,4,4
SV-00324,S08,2025-04-14,5,7
SV-00325,S08,2024-03-20,4,1
SV-00326,S08,2024-05-23,4,0
SV-00327,S08,2025-09-10,4,7
SV-00328,S08,2025-05-02,5,0
SV-00329,S08,2025-10-11,0,2
SV-00330,S08,2024-04-03,2,5
SV-00331,S08,2024-07-14,4,4
SV-00332,S08,2025-04-04,5,3
SV-00333,S08,2024-09-08,5,4
SV-00334,S08,2025-03-24,1,1
SV-00335,S08,2024-05-03,1,1
SV-00336,S08,2025-06-29,0,5
SV-00337,S08,2025-11-23,4,3
SV-00338,S08,2024-02-13,5,0
SV-00339,S08,2025-05-12,4,1
SV-00340,S08,2025-06-24,1,1
SV-00341,S08,2025-08-15,5,2
SV-00342,S08,2025-11-03,5,6
SV-00343,S08,2024-04-12,1,5
SV-00344,S08,2025-12-30,4,3
SV-00345,S08,2024-06-20,5,2
SV-00346,S08,2024-09-06,5,4
SV-00347,S08,2024-07-12,0,3
SV-00348,S08,2025-12-20,2,5
SV-00349,S08,2024-07-03,4,6
